URL,Title
https://soundwarrior.jp/,soundwarrior - SoundWarrior(サウンドウォーリア)製品ブランドサイト 城下工業株式会社
https://soundwarrior.jp/wp-content/uploads/2025/08/TOP-factory-231122_0029-1450-1020jpg.jpg,
https://soundwarrior.jp/wp-content/uploads/2021/11/cropped-siteico-180x180.png,
https://soundwarrior.jp/wp-content/uploads/2023/03/SWD-UA1_05-752x468.jpg,
https://soundwarrior.jp/wp-content/uploads/2025/08/TOP-banner-swl-t20u-cp1-06112921-750-1020.jpg,
https://soundwarrior.jp/wp-content/uploads/2022/01/sns_icon_square1.jpg,
https://soundwarrior.jp/wp-content/uploads/2025/08/SPTOP_slide01-ueda-bridge-750-1050.jpg),
https://soundwarrior.jp/wp-content/uploads/2025/08/SPTOP_slide03-woman-headset-750-1050.jpg,
https://soundwarrior.jp/wp-content/uploads/2024/01/logo_sw_navy-s400.png,
https://soundwarrior.jp/wp-content/uploads/2025/08/TOP-banner-swd-ua1-5D3B0095-750-1020.jpg,
https://soundwarrior.jp/wp-content/themes/falcon_tcd089/js/simplebar.min.js,
https://soundwarrior.jp/wp-content/uploads/2025/04/TOP1450-600-hp-soungsigunature.jpg,
https://soundwarrior.jp/wp-content/uploads/2025/07/SWD-UA1_Swtich_eyecatch-900-752x468.jpg,
https://soundwarrior.jp/wp-content/themes/falcon_tcd089/css/design-plus.css,
https://soundwarrior.jp/wp-content/uploads/2025/08/TOP_slide05-swl-t20-tubeamplifier-1450-1050.jpg,
https://soundwarrior.jp/wp-content/themes/falcon_tcd089/js/slick.min.js,
https://soundwarrior.jp/wp-content/plugins/ultimate-blocks/src/extensions/style.css,
https://soundwarrior.jp/wp-content/themes/falcon_tcd089/js/parallax.js,
https://soundwarrior.jp/wp-content/uploads/2025/08/TOP_slide01-ueda-bridge-1450-1050.jpg),
https://soundwarrior.jp/wp-content/uploads/2025/08/TOP-factory-231122_0029-750-1020.jpg,
https://soundwarrior.jp/wp-content/uploads/2021/11/top-slide03.jpg,
https://soundwarrior.jp/wp-content/themes/falcon_tcd089/js/comment.js,
https://soundwarrior.jp/wp-content/uploads/2025/08/SPTOP_slide01-ueda-bridge-750-1050.jpg,
https://soundwarrior.jp/wp-content/themes/falcon_tcd089/js/simplebar.css,
https://soundwarrior.jp/wp-content/uploads/2025/08/TOP_slide05-swl-t20-tubeamplifier-1450-1050.jpg),
https://soundwarrior.jp/wp-content/uploads/2021/11/cropped-siteico-32x32.png,
https://soundwarrior.jp/wp-content/plugins/cf7-conditional-fields/js/scripts.js,
https://soundwarrior.jp/wp-content/themes/falcon_tcd089/css/sns-botton.css,
https://soundwarrior.jp,soundwarrior - SoundWarrior(サウンドウォーリア)製品ブランドサイト 城下工業株式会社
https://soundwarrior.jp/wp-content/uploads/2025/08/SPTOP_slide03-woman-headset-750-1050.jpg),
https://soundwarrior.jp/wp-content/uploads/2025/08/SPTOP_slide02-soldering-750-1050.jpg,
https://soundwarrior.jp/wp-content/uploads/2021/11/cropped-siteico-192x192.png,
https://soundwarrior.jp/wp-content/themes/falcon_tcd089/js/owl.carousel.min.js,
https://soundwarrior.jp/wp-content/uploads/2025/08/TOP-banner-swl-aa1-211020_0119-750-1020.jpg,
https://soundwarrior.jp/wp-content/uploads/2021/12/211020_0043-scaled-e1638432288142.jpg,
https://soundwarrior.jp/wp-content/uploads/2024/06/231122_0233_01-752x468.jpg),
https://soundwarrior.jp/wp-content/themes/falcon_tcd089/js/jquery.easing.1.4.js,
https://soundwarrior.jp/wp-content/uploads/2024/05/Products02-752x468.jpg),
https://soundwarrior.jp/wp-content/uploads/2024/06/231122_0233_01-752x468.jpg,
https://soundwarrior.jp/wp-content/uploads/2024/12/TOP750-1020-furusato.jpg,
https://soundwarrior.jp/wp-content/themes/falcon_tcd089/js/header_fix.js,
https://soundwarrior.jp/wp-content/uploads/2025/08/TOP_slide03-woman-headset-1450-1050.jpg),
https://soundwarrior.jp/wp-content/uploads/2023/07/80dd6f0121e013c13bd331f6feafcbf9-752x468.jpg,
https://soundwarrior.jp/wp-content/uploads/2025/08/TOP_slide03-woman-headset-1450-1050.jpg,
https://soundwarrior.jp/wp-content/uploads/2025/08/TOP_slide02-soldering-1450-1050.jpg,
https://soundwarrior.jp/wp-content/uploads/2025/08/TOP-banner-sw-h1-211020_0043-750-1020.jpg,
https://soundwarrior.jp/wp-content/uploads/2022/01/sns_icon_square1.jpg),
https://soundwarrior.jp/wp-content/uploads/2025/08/TOP_slide04-man-tubeamplifier-1450-1050.jpg,
https://soundwarrior.jp/wp-content/uploads/2025/04/TOP750-1020-hp-soungsigunature.jpg,
https://soundwarrior.jp/wp-content/uploads/2023/03/SWD-UA1_05-752x468.jpg),
https://soundwarrior.jp/wp-content/uploads/2022/01/sns_icon_square1-500x500.jpg,
https://soundwarrior.jp/wp-content/uploads/2025/08/SPTOP_slide04-man-tubeamplifier-750-1050.jpg,
https://soundwarrior.jp/wp-content/uploads/2021/11/cropped-siteico-270x270.png,
https://soundwarrior.jp/wp-content/uploads/2025/08/SPTOP_slide02-soldering-750-1050.jpg),
https://soundwarrior.jp/wp-content/themes/falcon_tcd089/js/owl.carousel.min.css,
https://soundwarrior.jp/wp-content/uploads/2025/08/SPTOP_slide05-swl-t20-tubeamplifier-750-1050.jpg,
https://soundwarrior.jp/#body,soundwarrior - SoundWarrior(サウンドウォーリア)製品ブランドサイト 城下工業株式会社
https://soundwarrior.jp/wp-content/uploads/2025/07/SWD-UA1_Swtich_eyecatch-900-752x468.jpg),
https://soundwarrior.jp/wp-content/uploads/2025/08/SPTOP_slide05-swl-t20-tubeamplifier-750-1050.jpg),
https://soundwarrior.jp/wp-content/uploads/2025/08/TOP_slide01-ueda-bridge-1450-1050.jpg,
https://soundwarrior.jp/wp-content/uploads/2023/07/80dd6f0121e013c13bd331f6feafcbf9-752x468.jpg),
https://soundwarrior.jp/wp-content/plugins/ultimate-blocks/dist/blocks.style.build.css,
https://soundwarrior.jp/wp-content/uploads/2025/08/SPTOP_slide04-man-tubeamplifier-750-1050.jpg),
https://soundwarrior.jp/wp-content/uploads/2025/08/TOP_slide02-soldering-1450-1050.jpg),
https://soundwarrior.jp/wp-content/uploads/2024/01/logo_sw_navy.png,
https://soundwarrior.jp/wp-content/themes/falcon_tcd089/js/slick.css,
https://soundwarrior.jp/wp-content/themes/falcon_tcd089/js/tcd_cookie.js,
https://soundwarrior.jp/wp-content/plugins/cf7-conditional-fields/style.css,
https://soundwarrior.jp/wp-content/themes/falcon_tcd089/style.css,
https://soundwarrior.jp/wp-content/uploads/2025/08/TOP_slide04-man-tubeamplifier-1450-1050.jpg),
https://soundwarrior.jp/wp-content/uploads/2024/05/TOP_aboutus02.jpg,
https://soundwarrior.jp/wp-content/uploads/2024/05/SPTOP_aboutus.jpg,
https://soundwarrior.jp/wp-content/uploads/2025/08/TOP-banner-swl-t20u-cp1-06112921-1450-1020.jpg,
https://soundwarrior.jp/wp-content/uploads/2024/12/AISOUNDWARRIOR_RGB-200.png,
https://soundwarrior.jp/wp-content/uploads/2018/12/37317775_1741160032668888_4269887981231276032_n-e1572421109237.png,
https://soundwarrior.jp/wp-content/plugins/contact-form-7/includes/swv/js/index.js,
https://soundwarrior.jp/wp-content/plugins/contact-form-7/includes/css/styles.css,
https://soundwarrior.jp/wp-content/plugins/contact-form-7/includes/js/index.js,
https://soundwarrior.jp/wp-content/uploads/2024/05/Products02-752x468.jpg,
https://soundwarrior.jp/wp-content/uploads/2025/04/TOP1450-600-furusato.jpg,
https://soundwarrior.jp/wp-content/themes/falcon_tcd089/css/responsive.css,
https://soundwarrior.jp/wp-content/themes/falcon_tcd089/js/jscript.js,
https://soundwarrior.jp/wp-content/themes/falcon_tcd089/css/footer-bar.css,
https://soundwarrior.jp/wp-content/uploads/2025/08/TOP-banner-swd-ua1-5D3B0095-1450-1020.jpg,
